
    테스트 테이블
    +------------+--------------+------+-----+---------+----------------+
    | Field      | Type         | Null | Key | Default | Extra          |
    +------------+--------------+------+-----+---------+----------------+
    | id         | int(11)      | NO   | PRI | NULL    | auto_increment |
    | name       | varchar(100) | NO   |     | NULL    |                |
    | team_code  | varchar(10)  | YES  |     | NULL    |                |
    | addr       | varchar(100) | YES  |     | NULL    |                |
    | salary     | int(10)      | NO   | MUL | NULL    |                |
    | job        | varchar(20)  | YES  |     | NULL    |                |
    | commission | int(7)       | YES  | MUL | NULL    |                |
    | gender     | varchar(2)   | YES  |     | NULL    |                |
    | hire_date  | date         | YES  |     | NULL    |                |
    | out_date   | varchar(45)  | YES  |     | NULL    |                |
    +------------+--------------+------+-----+---------+----------------+


    +----------+
    | count(*) |
    +----------+
    |  1417371 |
    +----------+



    *
      SELECT * FROM lab.member;

      1417371 rows in set (1.32 sec)

      1417371 rows in set (1.31 sec)

      1417371 rows in set (1.32 sec)



    컬럼 범위 일일이 모두 지정

      SELECT id,name,team_code,addr,salary,job,commission,gender,hire_date,out_date FROM lab.member;

      1417371 rows in set (1.31 sec)

      1417371 rows in set (1.31 sec)

      1417371 rows in set (1.32 sec)


    컬럼 범위 하나씩 줄여서 테스트

      SELECT name,team_code,addr,salary,job,commission,gender,hire_date,out_date FROM lab.member;

      1417371 rows in set (1.19 sec)

      SELECT team_code,addr,salary,job,commission,gender,hire_date,out_date FROM lab.member;

      1417371 rows in set (1.09 sec)

      SELECT addr,salary,job,commission,gender,hire_date,out_date FROM lab.member;

      1417371 rows in set (1.01 sec)

      SELECT salary,job,commission,gender,hire_date,out_date FROM lab.member;

      1417371 rows in set (0.88 sec)

      SELECT job,commission,gender,hire_date,out_date FROM lab.member;

      1417371 rows in set (0.75 sec)

      SELECT commission,gender,hire_date,out_date FROM lab.member;

      1417371 rows in set (0.71 sec)

      SELECT gender,hire_date,out_date FROM lab.member;

      1417371 rows in set (0.56 sec)

      SELECT hire_date,out_date FROM lab.member;

      1417371 rows in set (0.45 sec)

      SELECT out_date FROM lab.member;

      1417371 rows in set (0.39 sec)


    인덱스 컬럼 + 인덱스 컬럼

      | salary     | int(10)      | NO   | MUL | NULL    |                |
      | commission | int(7)       | YES  | MUL | NULL    |                |

      SELECT salary, commission FROM lab.member;

      1417371 rows in set (0.50 sec)



    인덱스 컬럼 + 컬럼

      | salary     | int(10)      | NO   | MUL | NULL    |                |
      | commission | int(7)       | YES  |     | NULL    |                |

      SELECT salary, commission FROM lab.member;

      1417371 rows in set (0.50 sec)


    컬럼 + 컬럼

      | salary     | int(10)      | NO   |     | NULL    |                |
      | commission | int(7)       | YES  |     | NULL    |                |

      SELECT salary, commission FROM lab.member;

      1417371 rows in set (0.50 sec)



    결론
      인덱스 검색은 where 절에서만 영향을 미친다

      *==전체 지정 
        어떤식으로 표현하듯 성능은 같다

      컬럼 하나씩 줄였을 경우
        평균 약 12.8% 감소
        최소 약 5.3% ~ 최대 약 21.13% 

        다르게 줄어드는 걸로 보아 추후 필드 크기에 따른 성능차 테스트 해봐야겠음 


	

