

    테스트 테이블
    +------------+--------------+------+-----+---------+----------------+
    | Field      | Type         | Null | Key | Default | Extra          |
    +------------+--------------+------+-----+---------+----------------+
    | id         | int(11)      | NO   | PRI | NULL    | auto_increment |
    | name       | varchar(100) | NO   |     | NULL    |                |
    | team_code  | varchar(10)  | YES  |     | NULL    |                |
    | addr       | varchar(100) | YES  |     | NULL    |                |
    | salary     | int(10)      | NO   | MUL | NULL    |                |
    | job        | varchar(20)  | YES  |     | NULL    |                |
    | commission | int(7)       | YES  |     | NULL    |                |
    | gender     | varchar(2)   | YES  |     | NULL    |                |
    | hire_date  | date         | YES  |     | NULL    |                |
    | out_date   | varchar(45)  | YES  |     | NULL    |                |
    +------------+--------------+------+-----+---------+----------------+



  
      인덱스 컬럼 + 계산
        포함) 
          SELECT * FROM lab.member WHERE salary + 500000 < 2500000;

          100010 rows in set (0.61 sec)

          100010 rows in set (0.62 sec)

          100010 rows in set (0.61 sec)


        미포함)
          SELECT * FROM lab.member WHERE salary  < 2000000;

          100010 rows in set (0.26 sec)

          100010 rows in set (0.26 sec)

          100010 rows in set (0.26 sec)


      컬럼(인덱스X) + 계산

        | salary     | int(10)      | NO   |     | NULL    |                |


        포함)
          SELECT * FROM lab.member WHERE salary + 500000 < 2500000;

          100010 rows in set (0.61 sec)

          100010 rows in set (0.61 sec)

          100010 rows in set (0.61 sec)

        미포함)
          SELECT * FROM lab.member WHERE salary  < 2000000;

          100010 rows in set (0.60 sec)

          100010 rows in set (0.59 sec)

          100010 rows in set (0.59 sec)


      인덱스 컬럼 + func

        | salary     | int(10)      | NO   | MUL | NULL    |                |

        포함) 
          SELECT * FROM lab.member WHERE ROUND(salary) < 2000000;

          100010 rows in set (0.61 sec)

          100010 rows in set (0.61 sec)

          100010 rows in set (0.60 sec)

        미포함)
          SELECT * FROM lab.member WHERE salary < 2000000;

          100010 rows in set (0.26 sec)

          100010 rows in set (0.26 sec)

          100010 rows in set (0.26 sec)


      결론

         인덱스 컬럼에 직접적으로 계산식, func , 표현식 등을 추가하면 인덱스가 무시된다.

