
    테스트 테이블
      +------------+--------------+------+-----+---------+----------------+
      | Field      | Type         | Null | Key | Default | Extra          |
      +------------+--------------+------+-----+---------+----------------+
      | id         | int(11)      | NO   | PRI | NULL    | auto_increment |
      | name       | varchar(100) | NO   |     | NULL    |                |
      | team_code  | varchar(10)  | YES  |     | NULL    |                |
      | addr       | varchar(100) | YES  |     | NULL    |                |
      | salary     | int(10)      | NO   | MUL | NULL    |                |
      | job        | varchar(20)  | YES  |     | NULL    |                |
      | commission | int(7)       | YES  |     | NULL    |                |
      | gender     | varchar(2)   | YES  |     | NULL    |                |
      | hire_date  | date         | YES  |     | NULL    |                |
      | out_date   | varchar(45)  | YES  |     | NULL    |                |
      +------------+--------------+------+-----+---------+----------------+



    컬럼 : 숫자
    인덱스 : O

      | salary     | int(10)      | NO   | MUL | NULL    |                |

      SELECT * FROM lab.member WHERE salary = 3000000;

        317361 rows in set (0.55 sec)

        317361 rows in set (0.51 sec)

        317361 rows in set (0.52 sec)

    컬럼 : 숫자
    인덱스 : X

      | salary     | int(10)      | NO   |     | NULL    |                |

      SELECT * FROM lab.member WHERE salary = 3000000;

        317361 rows in set (0.76 sec)

        317361 rows in set (0.72 sec)

        317361 rows in set (0.73 sec)


    컬럼 : 문자 
    인덱스 : O

      | salary     | varchar(10)  | NO   | MUL | NULL    |                |

      SELECT * FROM lab.member WHERE salary = '3000000';

        317361 rows in set (0.51 sec)

        317361 rows in set (0.52 sec)

        317361 rows in set (0.52 sec)

    컬럼 : 문자 
    인덱스 : X

      | salary     | varchar(10)  | NO   |     | NULL    |                |

      SELECT * FROM lab.member WHERE salary = '3000000'

        317361 rows in set (0.74 sec)

        317361 rows in set (0.78 sec)

        317361 rows in set (0.74 sec)


    결론
      컬럼 	  인덱스	  평균 속도
      int	    O	    0.52 sec
      int	    X	    0.73 sec
      varchar   O	    0.51 sec
      varchar   X	    0.75 sec

      int 인덱스 유무에 따른 증감률 
        +약 40%

      varchar 인덱스 유무에 따른 증감률 
        +약 47%

