


    테스트 테이블
      +-------+------------+------+-----+---------+----------------+
      | Field | Type       | Null | Key | Default | Extra          |
      +-------+------------+------+-----+---------+----------------+
      | id    | int(11)    | NO   | PRI | NULL    | auto_increment |
      | val   | char(100)  | YES  |     | NULL    |                |
      | val2  | char(200)  | YES  |     | NULL    |                |
      | val3  | tinytext   | YES  |     | NULL    |                |
      | val4  | text       | YES  |     | NULL    |                |
      | val5  | mediumtext | YES  |     | NULL    |                |
      | val6  | longtext   | YES  |     | NULL    |                |
      +-------+------------+------+-----+---------+----------------+


      +----------+
      | count(*) |
      +----------+
      |  1000000 |
      +----------+

      row
        +----+------------+------------+------------+------------+------------+------------+
        | id | val        | val2       | val3       | val4       | val5       | val6       |
        +----+------------+------------+------------+------------+------------+------------+
        |  1 | 1000000000 | 1000000000 | 1000000000 | 1000000000 | 1000000000 | 1000000000 |

        동일 row 100만개

    범위 지정시 성능차
      char(100)

        select val from lab.field_size_test2;

        1000000 rows in set (0.43 sec)

        1000000 rows in set (0.42 sec)

      char(200)

        select val2 from lab.field_size_test2;

        1000000 rows in set (0.49 sec)

        1000000 rows in set (0.48 sec)

      varchar(100)

        | val   | varchar(100) | YES  |     | NULL    |                |

        select val from lab.field_size_test2;

        1000000 rows in set (0.25 sec)

        1000000 rows in set (0.25 sec)

      varchar(200)

        | val2  | varchar(200) | YES  |     | NULL    |                |

        select val2 from lab.field_size_test2;

        1000000 rows in set (0.25 sec)

        1000000 rows in set (0.25 sec)

      tinytext

        select val3 from lab.field_size_test2;

        1000000 rows in set (0.79 sec)

        1000000 rows in set (0.80 sec)

      text

        select val4 from lab.field_size_test2;

        1000000 rows in set (0.81 sec)

        1000000 rows in set (0.79 sec)


      mediumtext

        select val5 from lab.field_size_test2;

        1000000 rows in set (0.80 sec)

        1000000 rows in set (0.79 sec)

      longtext

        select val5 from lab.field_size_test2;

        1000000 rows in set (0.80 sec)

        1000000 rows in set (0.79 sec)

    where절 내 성능차

      char(100)

        select * from lab.field_size_test2 where val=1000000000;

        1000000 rows in set (1.58 sec)

        1000000 rows in set (1.58 sec)

      char(200)

        select * from lab.field_size_test2 where val2=1000000000;

        1000000 rows in set (1.69 sec)

        1000000 rows in set (1.67 sec)



      varchar(100)

        | val   | varchar(100) | YES  |     | NULL    |                |

        select * from lab.field_size_test2 where val=1000000000;

        1000000 rows in set (1.19 sec)

        1000000 rows in set (1.16 sec)

      varchar(200)

        | val2  | varchar(200) | YES  |     | NULL    |                |

        select * from lab.field_size_test2 where val2=1000000000;

        1000000 rows in set (1.16 sec)

        1000000 rows in set (1.17 sec)

      tinytext

        select * from lab.field_size_test2 where val3=1000000000;

        1000000 rows in set (1.43 sec)

        1000000 rows in set (1.47 sec)



      text

        select * from lab.field_size_test2 where val4=1000000000;

        1000000 rows in set (1.46 sec)

        1000000 rows in set (1.46 sec)

      mediumtext

        select * from lab.field_size_test2 where val5=1000000000;

        1000000 rows in set (1.45 sec)

        1000000 rows in set (1.45 sec)



      longtext

        select * from lab.field_size_test2 where val6=1000000000;

        1000000 rows in set (1.45 sec)

        1000000 rows in set (1.45 sec)


    결론
      데이터의 타입이 완전히 바뀔 때 성능차가 발생한다
        ex)
          char -> text

      길이가 가변적인 데이터 타입 내에서는 성능이 비슷하다
        ex)
          tinytext, text, mediumtext, longtext..

      char 보단 varchar가 빠르다
        char는 길이가 고정적, varchar는 가변적이기 때문에 발생하는 성능차
          char는 빈공간을 채운다



